video,frame_idx,frame_time_sec,model,strategy,det_id,label,class_id,score,x1,y1,x2,y2,cx,cy,w,h,mask_area,mask_json
05080385_2_주간_크고빠른새.MP4,0,0.0,mdv5a,sahi,0,animal,0,0.9583,314.0,657.0,815.0,1025.0,564.5,841.0,501.0,368.0,,
05080385_2_주간_크고빠른새.MP4,0,0.0,mdv5a,sahi,1,animal,0,0.2951,1547.0,707.0,1659.0,752.0,1603.0,729.5,112.0,45.0,,
05080385_2_주간_크고빠른새.MP4,0,0.0,mdv5a,sahi,2,animal,0,0.2116,661.0,542.0,789.0,629.0,725.0,585.5,128.0,87.0,,
05080385_2_주간_크고빠른새.MP4,5,0.167,mdv5a,sahi,0,animal,0,0.7781,897.0,380.0,1920.0,958.0,1408.5,669.0,1023.0,578.0,,
05080385_2_주간_크고빠른새.MP4,5,0.167,mdv5a,sahi,1,animal,0,0.2284,1024.0,514.0,1663.0,963.0,1343.5,738.5,639.0,449.0,,
05080385_2_주간_크고빠른새.MP4,10,0.333,mdv5a,sahi,0,animal,0,0.6735,0.0,643.0,184.0,1026.0,92.0,834.5,184.0,383.0,,
05080385_2_주간_크고빠른새.MP4,10,0.333,mdv5a,sahi,1,animal,0,0.5008,1546.0,708.0,1658.0,753.0,1602.0,730.5,112.0,45.0,,
05080385_2_주간_크고빠른새.MP4,10,0.333,mdv5a,sahi,2,animal,0,0.2084,0.0,896.0,148.0,1025.0,74.0,960.5,148.0,129.0,,
05080385_2_주간_크고빠른새.MP4,15,0.5,mdv5a,sahi,0,animal,0,0.5433,813.0,956.0,1224.0,1025.0,1018.5,990.5,411.0,69.0,,
05080385_2_주간_크고빠른새.MP4,15,0.5,mdv5a,sahi,1,animal,0,0.4406,1548.0,708.0,1658.0,750.0,1603.0,729.0,110.0,42.0,,
05080385_2_주간_크고빠른새.MP4,20,0.667,mdv5a,sahi,0,animal,0,0.3535,1548.0,707.0,1658.0,749.0,1603.0,728.0,110.0,42.0,,
05080385_2_주간_크고빠른새.MP4,20,0.667,mdv5a,sahi,1,animal,0,0.353,538.0,364.0,720.0,486.0,629.0,425.0,182.0,122.0,,
05080385_2_주간_크고빠른새.MP4,25,0.833,mdv5a,sahi,0,animal,0,0.2718,1548.0,708.0,1658.0,750.0,1603.0,729.0,110.0,42.0,,
05080385_2_주간_크고빠른새.MP4,30,1.0,mdv5a,sahi,0,animal,0,0.4166,1548.0,708.0,1658.0,750.0,1603.0,729.0,110.0,42.0,,
05080385_2_주간_크고빠른새.MP4,30,1.0,mdv5a,sahi,1,animal,0,0.3753,517.0,595.0,640.0,766.0,578.5,680.5,123.0,171.0,,
05080385_2_주간_크고빠른새.MP4,35,1.167,mdv5a,sahi,0,animal,0,0.3706,1548.0,708.0,1657.0,748.0,1602.5,728.0,109.0,40.0,,
05080385_2_주간_크고빠른새.MP4,40,1.333,mdv5a,sahi,0,animal,0,0.4639,1549.0,708.0,1657.0,749.0,1603.0,728.5,108.0,41.0,,
05080385_2_주간_크고빠른새.MP4,45,1.5,mdv5a,sahi,0,animal,0,0.507,1280.0,0.0,1702.0,213.0,1491.0,106.5,422.0,213.0,,
05080385_2_주간_크고빠른새.MP4,45,1.5,mdv5a,sahi,1,animal,0,0.4766,1548.0,707.0,1659.0,749.0,1603.5,728.0,111.0,42.0,,
05080385_2_주간_크고빠른새.MP4,50,1.667,mdv5a,sahi,0,animal,0,0.6407,1161.0,1.0,1791.0,593.0,1476.0,297.0,630.0,592.0,,
05080385_2_주간_크고빠른새.MP4,50,1.667,mdv5a,sahi,1,animal,0,0.627,1280.0,0.0,1404.0,598.0,1342.0,299.0,124.0,598.0,,
05080385_2_주간_크고빠른새.MP4,50,1.667,mdv5a,sahi,2,animal,0,0.4648,1548.0,707.0,1658.0,749.0,1603.0,728.0,110.0,42.0,,
05080385_2_주간_크고빠른새.MP4,50,1.667,mdv5a,sahi,3,animal,0,0.4237,1127.0,440.0,1404.0,595.0,1265.5,517.5,277.0,155.0,,
05080385_2_주간_크고빠른새.MP4,50,1.667,mdv5a,sahi,4,animal,0,0.343,1146.0,0.0,1403.0,596.0,1274.5,298.0,257.0,596.0,,
05080385_2_주간_크고빠른새.MP4,50,1.667,mdv5a,sahi,5,animal,0,0.2707,1280.0,440.0,1403.0,601.0,1341.5,520.5,123.0,161.0,,
05080385_2_주간_크고빠른새.MP4,55,1.833,mdv5a,sahi,0,animal,0,0.5565,427.0,1.0,1917.0,824.0,1172.0,412.5,1490.0,823.0,,
05080385_2_주간_크고빠른새.MP4,55,1.833,mdv5a,sahi,1,animal,0,0.5343,1548.0,707.0,1658.0,750.0,1603.0,728.5,110.0,43.0,,
05080385_2_주간_크고빠른새.MP4,55,1.833,mdv5a,sahi,2,animal,0,0.4778,1026.0,0.0,1658.0,624.0,1342.0,312.0,632.0,624.0,,
05080385_2_주간_크고빠른새.MP4,55,1.833,mdv5a,sahi,3,animal,0,0.4088,1024.0,440.0,1286.0,706.0,1155.0,573.0,262.0,266.0,,
05080385_2_주간_크고빠른새.MP4,55,1.833,mdv5a,sahi,4,animal,0,0.2726,518.0,594.0,640.0,766.0,579.0,680.0,122.0,172.0,,
05080385_2_주간_크고빠른새.MP4,55,1.833,mdv5a,sahi,5,animal,0,0.2554,1282.0,0.0,1907.0,626.0,1594.5,313.0,625.0,626.0,,
05080385_2_주간_크고빠른새.MP4,60,2.0,mdv5a,sahi,0,animal,0,0.9399,1270.0,610.0,1818.0,1025.0,1544.0,817.5,548.0,415.0,,
05080385_2_주간_크고빠른새.MP4,65,2.167,mdv5a,sahi,0,person,1,0.3533,1272.0,8.0,1909.0,617.0,1590.5,312.5,637.0,609.0,,
05080385_2_주간_크고빠른새.MP4,65,2.167,mdv5a,sahi,1,animal,0,0.3299,542.0,365.0,692.0,481.0,617.0,423.0,150.0,116.0,,
05080385_2_주간_크고빠른새.MP4,65,2.167,mdv5a,sahi,2,animal,0,0.3217,1548.0,707.0,1660.0,749.0,1604.0,728.0,112.0,42.0,,
05080385_2_주간_크고빠른새.MP4,65,2.167,mdv5a,sahi,3,animal,0,0.2487,1353.0,665.0,1437.0,736.0,1395.0,700.5,84.0,71.0,,
05080385_2_주간_크고빠른새.MP4,70,2.333,mdv5a,sahi,0,animal,0,0.399,1548.0,706.0,1660.0,749.0,1604.0,727.5,112.0,43.0,,
05080385_2_주간_크고빠른새.MP4,75,2.5,mdv5a,sahi,0,animal,0,0.3714,1549.0,708.0,1657.0,748.0,1603.0,728.0,108.0,40.0,,
05080385_2_주간_크고빠른새.MP4,75,2.5,mdv5a,sahi,1,animal,0,0.3208,514.0,546.0,1128.0,877.0,821.0,711.5,614.0,331.0,,
05080385_2_주간_크고빠른새.MP4,80,2.667,mdv5a,sahi,0,animal,0,0.4307,513.0,543.0,1122.0,877.0,817.5,710.0,609.0,334.0,,
05080385_2_주간_크고빠른새.MP4,80,2.667,mdv5a,sahi,1,animal,0,0.3575,1549.0,708.0,1658.0,748.0,1603.5,728.0,109.0,40.0,,
05080385_2_주간_크고빠른새.MP4,80,2.667,mdv5a,sahi,2,animal,0,0.2877,521.0,588.0,640.0,765.0,580.5,676.5,119.0,177.0,,
05080385_2_주간_크고빠른새.MP4,85,2.833,mdv5a,sahi,0,animal,0,0.4426,515.0,542.0,1124.0,877.0,819.5,709.5,609.0,335.0,,
05080385_2_주간_크고빠른새.MP4,85,2.833,mdv5a,sahi,1,animal,0,0.2577,521.0,589.0,640.0,766.0,580.5,677.5,119.0,177.0,,
05080385_2_주간_크고빠른새.MP4,85,2.833,mdv5a,sahi,2,animal,0,0.2314,1548.0,707.0,1657.0,748.0,1602.5,727.5,109.0,41.0,,
05080385_2_주간_크고빠른새.MP4,90,3.0,mdv5a,sahi,0,animal,0,0.2522,520.0,588.0,640.0,768.0,580.0,678.0,120.0,180.0,,
05080385_2_주간_크고빠른새.MP4,95,3.167,mdv5a,sahi,0,animal,0,0.2773,1548.0,707.0,1658.0,751.0,1603.0,729.0,110.0,44.0,,
05080385_2_주간_크고빠른새.MP4,95,3.167,mdv5a,sahi,1,animal,0,0.2711,519.0,591.0,640.0,766.0,579.5,678.5,121.0,175.0,,
05080385_2_주간_크고빠른새.MP4,100,3.333,mdv5a,sahi,0,animal,0,0.3353,1548.0,707.0,1657.0,751.0,1602.5,729.0,109.0,44.0,,
05080385_2_주간_크고빠른새.MP4,105,3.5,mdv5a,sahi,0,animal,0,0.4204,513.0,539.0,1116.0,887.0,814.5,713.0,603.0,348.0,,
05080385_2_주간_크고빠른새.MP4,110,3.667,mdv5a,sahi,0,animal,0,0.223,1548.0,707.0,1658.0,752.0,1603.0,729.5,110.0,45.0,,
05080385_2_주간_크고빠른새.MP4,110,3.667,mdv5a,sahi,1,animal,0,0.2202,515.0,521.0,1130.0,892.0,822.5,706.5,615.0,371.0,,
05080385_2_주간_크고빠른새.MP4,115,3.833,mdv5a,sahi,0,animal,0,0.3563,1548.0,707.0,1657.0,748.0,1602.5,727.5,109.0,41.0,,
05080385_2_주간_크고빠른새.MP4,115,3.833,mdv5a,sahi,1,animal,0,0.2209,513.0,542.0,900.0,874.0,706.5,708.0,387.0,332.0,,
05080385_2_주간_크고빠른새.MP4,120,4.0,mdv5a,sahi,0,animal,0,0.2042,1548.0,708.0,1658.0,751.0,1603.0,729.5,110.0,43.0,,
05080385_2_주간_크고빠른새.MP4,125,4.167,mdv5a,sahi,0,animal,0,0.3091,518.0,594.0,640.0,765.0,579.0,679.5,122.0,171.0,,
05080385_2_주간_크고빠른새.MP4,130,4.333,mdv5a,sahi,0,animal,0,0.2545,1878.0,74.0,1920.0,129.0,1899.0,101.5,42.0,55.0,,
05080385_2_주간_크고빠른새.MP4,135,4.5,mdv5a,sahi,0,animal,0,0.267,1548.0,708.0,1652.0,751.0,1600.0,729.5,104.0,43.0,,
05080385_2_주간_크고빠른새.MP4,140,4.667,mdv5a,sahi,0,animal,0,0.3397,519.0,593.0,640.0,765.0,579.5,679.0,121.0,172.0,,
05080385_2_주간_크고빠른새.MP4,140,4.667,mdv5a,sahi,1,animal,0,0.2727,1548.0,708.0,1655.0,751.0,1601.5,729.5,107.0,43.0,,
05080385_2_주간_크고빠른새.MP4,145,4.833,mdv5a,sahi,0,animal,0,0.2466,1548.0,708.0,1657.0,750.0,1602.5,729.0,109.0,42.0,,
05080385_2_주간_크고빠른새.MP4,145,4.833,mdv5a,sahi,1,animal,0,0.2257,519.0,593.0,640.0,766.0,579.5,679.5,121.0,173.0,,
05080385_2_주간_크고빠른새.MP4,155,5.167,mdv5a,sahi,0,animal,0,0.3628,1546.0,708.0,1657.0,752.0,1601.5,730.0,111.0,44.0,,
05080385_2_주간_크고빠른새.MP4,165,5.5,mdv5a,sahi,0,animal,0,0.4052,1547.0,707.0,1659.0,749.0,1603.0,728.0,112.0,42.0,,
05080385_2_주간_크고빠른새.MP4,170,5.667,mdv5a,sahi,0,animal,0,0.6165,1548.0,707.0,1658.0,751.0,1603.0,729.0,110.0,44.0,,
05080385_2_주간_크고빠른새.MP4,175,5.833,mdv5a,sahi,0,animal,0,0.3188,518.0,602.0,640.0,764.0,579.0,683.0,122.0,162.0,,
05080385_2_주간_크고빠른새.MP4,175,5.833,mdv5a,sahi,1,animal,0,0.2592,1547.0,706.0,1659.0,750.0,1603.0,728.0,112.0,44.0,,
05080385_2_주간_크고빠른새.MP4,185,6.167,mdv5a,sahi,0,animal,0,0.2525,512.0,548.0,791.0,869.0,651.5,708.5,279.0,321.0,,
05080385_2_주간_크고빠른새.MP4,185,6.167,mdv5a,sahi,1,animal,0,0.2467,658.0,550.0,791.0,627.0,724.5,588.5,133.0,77.0,,
05080385_2_주간_크고빠른새.MP4,185,6.167,mdv5a,sahi,2,animal,0,0.208,1546.0,707.0,1653.0,752.0,1599.5,729.5,107.0,45.0,,
05080385_2_주간_크고빠른새.MP4,190,6.333,mdv5a,sahi,0,animal,0,0.2357,1546.0,707.0,1654.0,752.0,1600.0,729.5,108.0,45.0,,
05080385_2_주간_크고빠른새.MP4,195,6.5,mdv5a,sahi,0,animal,0,0.2242,659.0,545.0,793.0,631.0,726.0,588.0,134.0,86.0,,
05080385_2_주간_크고빠른새.MP4,215,7.167,mdv5a,sahi,0,animal,0,0.2169,658.0,549.0,794.0,635.0,726.0,592.0,136.0,86.0,,
05080385_2_주간_크고빠른새.MP4,215,7.167,mdv5a,sahi,1,animal,0,0.2143,1548.0,703.0,1655.0,749.0,1601.5,726.0,107.0,46.0,,
05080385_2_주간_크고빠른새.MP4,220,7.333,mdv5a,sahi,0,animal,0,0.2264,1547.0,703.0,1655.0,749.0,1601.0,726.0,108.0,46.0,,
05080385_2_주간_크고빠른새.MP4,220,7.333,mdv5a,sahi,1,animal,0,0.2225,659.0,548.0,794.0,636.0,726.5,592.0,135.0,88.0,,
05080385_2_주간_크고빠른새.MP4,225,7.5,mdv5a,sahi,0,animal,0,0.3126,657.0,546.0,794.0,635.0,725.5,590.5,137.0,89.0,,
05080385_2_주간_크고빠른새.MP4,230,7.667,mdv5a,sahi,0,animal,0,0.2447,1543.0,706.0,1657.0,753.0,1600.0,729.5,114.0,47.0,,
05080385_2_주간_크고빠른새.MP4,235,7.833,mdv5a,sahi,0,animal,0,0.3609,1547.0,707.0,1657.0,749.0,1602.0,728.0,110.0,42.0,,
05080385_2_주간_크고빠른새.MP4,235,7.833,mdv5a,sahi,1,animal,0,0.2185,656.0,545.0,794.0,635.0,725.0,590.0,138.0,90.0,,
05080385_2_주간_크고빠른새.MP4,240,8.0,mdv5a,sahi,0,animal,0,0.3081,662.0,548.0,793.0,633.0,727.5,590.5,131.0,85.0,,
05080385_2_주간_크고빠른새.MP4,245,8.167,mdv5a,sahi,0,animal,0,0.33,661.0,550.0,794.0,635.0,727.5,592.5,133.0,85.0,,
05080385_2_주간_크고빠른새.MP4,255,8.5,mdv5a,sahi,0,animal,0,0.226,546.0,363.0,640.0,495.0,593.0,429.0,94.0,132.0,,
05080385_2_주간_크고빠른새.MP4,260,8.667,mdv5a,sahi,0,animal,0,0.2173,661.0,548.0,795.0,635.0,728.0,591.5,134.0,87.0,,
05080385_2_주간_크고빠른새.MP4,265,8.833,mdv5a,sahi,0,animal,0,0.247,1547.0,706.0,1658.0,749.0,1602.5,727.5,111.0,43.0,,
05080385_2_주간_크고빠른새.MP4,265,8.833,mdv5a,sahi,1,animal,0,0.233,372.0,440.0,400.0,463.0,386.0,451.5,28.0,23.0,,
05080385_2_주간_크고빠른새.MP4,270,9.0,mdv5a,sahi,0,animal,0,0.466,1273.0,583.0,1369.0,668.0,1321.0,625.5,96.0,85.0,,
05080385_2_주간_크고빠른새.MP4,275,9.167,mdv5a,sahi,0,animal,0,0.2666,410.0,640.0,502.0,680.0,456.0,660.0,92.0,40.0,,
05080385_2_주간_크고빠른새.MP4,275,9.167,mdv5a,sahi,1,animal,0,0.2274,1547.0,704.0,1658.0,749.0,1602.5,726.5,111.0,45.0,,
05080385_2_주간_크고빠른새.MP4,290,9.667,mdv5a,sahi,0,animal,0,0.2615,517.0,545.0,794.0,766.0,655.5,655.5,277.0,221.0,,
05080385_2_주간_크고빠른새.MP4,295,9.833,mdv5a,sahi,0,animal,0,0.3641,516.0,545.0,791.0,764.0,653.5,654.5,275.0,219.0,,
05080385_2_주간_크고빠른새.MP4,295,9.833,mdv5a,sahi,1,animal,0,0.2292,518.0,599.0,640.0,765.0,579.0,682.0,122.0,166.0,,
05080385_2_주간_크고빠른새.MP4,300,10.0,mdv5a,sahi,0,animal,0,0.2938,1547.0,706.0,1658.0,756.0,1602.5,731.0,111.0,50.0,,
05080385_2_주간_크고빠른새.MP4,305,10.167,mdv5a,sahi,0,animal,0,0.367,1547.0,704.0,1658.0,752.0,1602.5,728.0,111.0,48.0,,
05080385_2_주간_크고빠른새.MP4,310,10.333,mdv5a,sahi,0,animal,0,0.3116,1547.0,704.0,1658.0,752.0,1602.5,728.0,111.0,48.0,,
05080385_2_주간_크고빠른새.MP4,310,10.333,mdv5a,sahi,1,animal,0,0.2151,516.0,545.0,791.0,769.0,653.5,657.0,275.0,224.0,,
05080385_2_주간_크고빠른새.MP4,315,10.5,mdv5a,sahi,0,animal,0,0.3504,1547.0,706.0,1658.0,751.0,1602.5,728.5,111.0,45.0,,
05080385_2_주간_크고빠른새.MP4,320,10.667,mdv5a,sahi,0,animal,0,0.4779,1547.0,706.0,1659.0,749.0,1603.0,727.5,112.0,43.0,,
05080385_2_주간_크고빠른새.MP4,325,10.833,mdv5a,sahi,0,animal,0,0.5235,1547.0,707.0,1658.0,750.0,1602.5,728.5,111.0,43.0,,
05080385_2_주간_크고빠른새.MP4,325,10.833,mdv5a,sahi,1,animal,0,0.2423,517.0,543.0,791.0,768.0,654.0,655.5,274.0,225.0,,
05080385_2_주간_크고빠른새.MP4,330,11.0,mdv5a,sahi,0,animal,0,0.3973,1548.0,707.0,1658.0,750.0,1603.0,728.5,110.0,43.0,,
05080385_2_주간_크고빠른새.MP4,330,11.0,mdv5a,sahi,1,animal,0,0.2354,513.0,539.0,1057.0,883.0,785.0,711.0,544.0,344.0,,
05080385_2_주간_크고빠른새.MP4,335,11.167,mdv5a,sahi,0,animal,0,0.4127,1548.0,707.0,1658.0,749.0,1603.0,728.0,110.0,42.0,,
05080385_2_주간_크고빠른새.MP4,335,11.167,mdv5a,sahi,1,animal,0,0.2179,659.0,546.0,790.0,633.0,724.5,589.5,131.0,87.0,,
05080385_2_주간_크고빠른새.MP4,340,11.333,mdv5a,sahi,0,animal,0,0.4538,1547.0,707.0,1659.0,750.0,1603.0,728.5,112.0,43.0,,
05080385_2_주간_크고빠른새.MP4,340,11.333,mdv5a,sahi,1,animal,0,0.2373,513.0,544.0,1043.0,878.0,778.0,711.0,530.0,334.0,,
05080385_2_주간_크고빠른새.MP4,345,11.5,mdv5a,sahi,0,animal,0,0.2482,513.0,539.0,1049.0,881.0,781.0,710.0,536.0,342.0,,
05080385_2_주간_크고빠른새.MP4,345,11.5,mdv5a,sahi,1,animal,0,0.2113,1548.0,706.0,1658.0,751.0,1603.0,728.5,110.0,45.0,,
05080385_2_주간_크고빠른새.MP4,350,11.667,mdv5a,sahi,0,animal,0,0.3881,1546.0,706.0,1657.0,755.0,1601.5,730.5,111.0,49.0,,
05080385_2_주간_크고빠른새.MP4,350,11.667,mdv5a,sahi,1,animal,0,0.2129,512.0,542.0,791.0,865.0,651.5,703.5,279.0,323.0,,
05080385_2_주간_크고빠른새.MP4,355,11.833,mdv5a,sahi,0,animal,0,0.5236,1547.0,706.0,1658.0,756.0,1602.5,731.0,111.0,50.0,,
05080385_2_주간_크고빠른새.MP4,355,11.833,mdv5a,sahi,1,animal,0,0.204,513.0,542.0,792.0,783.0,652.5,662.5,279.0,241.0,,
05080385_2_주간_크고빠른새.MP4,360,12.0,mdv5a,sahi,0,animal,0,0.423,1548.0,707.0,1659.0,749.0,1603.5,728.0,111.0,42.0,,
05080385_2_주간_크고빠른새.MP4,360,12.0,mdv5a,sahi,1,animal,0,0.2165,410.0,639.0,502.0,680.0,456.0,659.5,92.0,41.0,,
05080385_2_주간_크고빠른새.MP4,365,12.167,mdv5a,sahi,0,animal,0,0.2068,515.0,542.0,792.0,773.0,653.5,657.5,277.0,231.0,,
05080385_2_주간_크고빠른새.MP4,370,12.333,mdv5a,sahi,0,animal,0,0.3076,1548.0,706.0,1657.0,750.0,1602.5,728.0,109.0,44.0,,
05080385_2_주간_크고빠른새.MP4,370,12.333,mdv5a,sahi,1,animal,0,0.2547,410.0,640.0,498.0,680.0,454.0,660.0,88.0,40.0,,
05080385_2_주간_크고빠른새.MP4,375,12.5,mdv5a,sahi,0,animal,0,0.3246,656.0,548.0,794.0,637.0,725.0,592.5,138.0,89.0,,
05080385_2_주간_크고빠른새.MP4,375,12.5,mdv5a,sahi,1,animal,0,0.2649,1902.0,75.0,1920.0,123.0,1911.0,99.0,18.0,48.0,,
05080385_2_주간_크고빠른새.MP4,375,12.5,mdv5a,sahi,2,animal,0,0.2446,1547.0,706.0,1659.0,749.0,1603.0,727.5,112.0,43.0,,
05080385_2_주간_크고빠른새.MP4,380,12.667,mdv5a,sahi,0,animal,0,0.3326,655.0,549.0,793.0,637.0,724.0,593.0,138.0,88.0,,
05080385_2_주간_크고빠른새.MP4,385,12.833,mdv5a,sahi,0,animal,0,0.3054,654.0,552.0,794.0,637.0,724.0,594.5,140.0,85.0,,
05080385_2_주간_크고빠른새.MP4,385,12.833,mdv5a,sahi,1,animal,0,0.2499,512.0,546.0,1108.0,874.0,810.0,710.0,596.0,328.0,,
05080385_2_주간_크고빠른새.MP4,385,12.833,mdv5a,sahi,2,animal,0,0.2178,1548.0,707.0,1659.0,752.0,1603.5,729.5,111.0,45.0,,
05080385_2_주간_크고빠른새.MP4,390,13.0,mdv5a,sahi,0,animal,0,0.2946,656.0,550.0,795.0,637.0,725.5,593.5,139.0,87.0,,
05080385_2_주간_크고빠른새.MP4,390,13.0,mdv5a,sahi,1,animal,0,0.2762,1547.0,707.0,1659.0,749.0,1603.0,728.0,112.0,42.0,,
05080385_2_주간_크고빠른새.MP4,390,13.0,mdv5a,sahi,2,animal,0,0.2675,410.0,640.0,507.0,680.0,458.5,660.0,97.0,40.0,,
05080385_2_주간_크고빠른새.MP4,390,13.0,mdv5a,sahi,3,animal,0,0.229,1405.0,23.0,1532.0,160.0,1468.5,91.5,127.0,137.0,,
05080385_2_주간_크고빠른새.MP4,395,13.167,mdv5a,sahi,0,animal,0,0.3811,409.0,640.0,504.0,680.0,456.5,660.0,95.0,40.0,,
05080385_2_주간_크고빠른새.MP4,395,13.167,mdv5a,sahi,1,animal,0,0.2639,1535.0,707.0,1659.0,766.0,1597.0,736.5,124.0,59.0,,
05080385_2_주간_크고빠른새.MP4,395,13.167,mdv5a,sahi,2,animal,0,0.2162,657.0,547.0,795.0,638.0,726.0,592.5,138.0,91.0,,
05080385_2_주간_크고빠른새.MP4,400,13.333,mdv5a,sahi,0,animal,0,0.257,409.0,641.0,504.0,680.0,456.5,660.5,95.0,39.0,,
05080385_2_주간_크고빠른새.MP4,400,13.333,mdv5a,sahi,1,animal,0,0.2194,1547.0,707.0,1659.0,751.0,1603.0,729.0,112.0,44.0,,
05080385_2_주간_크고빠른새.MP4,405,13.5,mdv5a,sahi,0,animal,0,0.4585,655.0,549.0,795.0,637.0,725.0,593.0,140.0,88.0,,
05080385_2_주간_크고빠른새.MP4,405,13.5,mdv5a,sahi,1,animal,0,0.2066,410.0,640.0,504.0,679.0,457.0,659.5,94.0,39.0,,
05080385_2_주간_크고빠른새.MP4,410,13.667,mdv5a,sahi,0,animal,0,0.4991,654.0,551.0,795.0,638.0,724.5,594.5,141.0,87.0,,
05080385_2_주간_크고빠른새.MP4,410,13.667,mdv5a,sahi,1,animal,0,0.3055,410.0,641.0,501.0,681.0,455.5,661.0,91.0,40.0,,
05080385_2_주간_크고빠른새.MP4,410,13.667,mdv5a,sahi,2,animal,0,0.2351,1545.0,707.0,1657.0,752.0,1601.0,729.5,112.0,45.0,,
05080385_2_주간_크고빠른새.MP4,415,13.833,mdv5a,sahi,0,animal,0,0.3599,655.0,550.0,795.0,638.0,725.0,594.0,140.0,88.0,,
05080385_2_주간_크고빠른새.MP4,415,13.833,mdv5a,sahi,1,animal,0,0.207,1547.0,707.0,1660.0,748.0,1603.5,727.5,113.0,41.0,,
05080385_2_주간_크고빠른새.MP4,415,13.833,mdv5a,sahi,2,animal,0,0.2015,515.0,550.0,796.0,773.0,655.5,661.5,281.0,223.0,,
05080385_2_주간_크고빠른새.MP4,420,14.0,mdv5a,sahi,0,animal,0,0.4296,1548.0,705.0,1659.0,749.0,1603.5,727.0,111.0,44.0,,
05080385_2_주간_크고빠른새.MP4,420,14.0,mdv5a,sahi,1,animal,0,0.3931,410.0,641.0,507.0,679.0,458.5,660.0,97.0,38.0,,
05080385_2_주간_크고빠른새.MP4,425,14.167,mdv5a,sahi,0,animal,0,0.3417,1548.0,706.0,1658.0,749.0,1603.0,727.5,110.0,43.0,,
05080385_2_주간_크고빠른새.MP4,425,14.167,mdv5a,sahi,1,animal,0,0.3303,410.0,641.0,499.0,679.0,454.5,660.0,89.0,38.0,,
05080385_2_주간_크고빠른새.MP4,425,14.167,mdv5a,sahi,2,animal,0,0.2185,684.0,27.0,715.0,88.0,699.5,57.5,31.0,61.0,,
05080385_2_주간_크고빠른새.MP4,430,14.333,mdv5a,sahi,0,animal,0,0.2128,542.0,364.0,669.0,422.0,605.5,393.0,127.0,58.0,,
05080385_2_주간_크고빠른새.MP4,430,14.333,mdv5a,sahi,1,animal,0,0.2044,1548.0,706.0,1658.0,749.0,1603.0,727.5,110.0,43.0,,
05080385_2_주간_크고빠른새.MP4,435,14.5,mdv5a,sahi,0,animal,0,0.3539,411.0,640.0,509.0,679.0,460.0,659.5,98.0,39.0,,
05080385_2_주간_크고빠른새.MP4,435,14.5,mdv5a,sahi,1,animal,0,0.3512,1547.0,705.0,1658.0,749.0,1602.5,727.0,111.0,44.0,,
05080385_2_주간_크고빠른새.MP4,435,14.5,mdv5a,sahi,2,animal,0,0.2602,1515.0,421.0,1664.0,558.0,1589.5,489.5,149.0,137.0,,
05080385_2_주간_크고빠른새.MP4,435,14.5,mdv5a,sahi,3,animal,0,0.2467,513.0,538.0,1123.0,876.0,818.0,707.0,610.0,338.0,,
05080385_2_주간_크고빠른새.MP4,440,14.667,mdv5a,sahi,0,animal,0,0.3065,1548.0,704.0,1657.0,748.0,1602.5,726.0,109.0,44.0,,
05080385_2_주간_크고빠른새.MP4,440,14.667,mdv5a,sahi,1,animal,0,0.2336,657.0,545.0,799.0,636.0,728.0,590.5,142.0,91.0,,
05080385_2_주간_크고빠른새.MP4,440,14.667,mdv5a,sahi,2,animal,0,0.2151,1516.0,426.0,1664.0,550.0,1590.0,488.0,148.0,124.0,,
05080385_2_주간_크고빠른새.MP4,450,15.0,mdv5a,sahi,0,animal,0,0.2916,410.0,640.0,506.0,678.0,458.0,659.0,96.0,38.0,,
05080385_2_주간_크고빠른새.MP4,450,15.0,mdv5a,sahi,1,animal,0,0.2182,1547.0,707.0,1658.0,748.0,1602.5,727.5,111.0,41.0,,
05080385_2_주간_크고빠른새.MP4,455,15.167,mdv5a,sahi,0,animal,0,0.2844,1548.0,707.0,1659.0,749.0,1603.5,728.0,111.0,42.0,,
05080385_2_주간_크고빠른새.MP4,455,15.167,mdv5a,sahi,1,animal,0,0.2731,409.0,639.0,502.0,678.0,455.5,658.5,93.0,39.0,,
05080385_2_주간_크고빠른새.MP4,460,15.333,mdv5a,sahi,0,animal,0,0.4934,1548.0,707.0,1659.0,749.0,1603.5,728.0,111.0,42.0,,
05080385_2_주간_크고빠른새.MP4,460,15.333,mdv5a,sahi,1,animal,0,0.2369,541.0,364.0,706.0,490.0,623.5,427.0,165.0,126.0,,
05080385_2_주간_크고빠른새.MP4,465,15.5,mdv5a,sahi,0,animal,0,0.3219,541.0,363.0,705.0,500.0,623.0,431.5,164.0,137.0,,
05080385_2_주간_크고빠른새.MP4,465,15.5,mdv5a,sahi,1,animal,0,0.3207,409.0,639.0,510.0,678.0,459.5,658.5,101.0,39.0,,
05080385_2_주간_크고빠른새.MP4,465,15.5,mdv5a,sahi,2,animal,0,0.203,1548.0,706.0,1659.0,749.0,1603.5,727.5,111.0,43.0,,
05080385_2_주간_크고빠른새.MP4,465,15.5,mdv5a,sahi,3,animal,0,0.203,656.0,541.0,795.0,636.0,725.5,588.5,139.0,95.0,,
05080385_2_주간_크고빠른새.MP4,470,15.667,mdv5a,sahi,0,animal,0,0.3095,1548.0,706.0,1658.0,748.0,1603.0,727.0,110.0,42.0,,
05080385_2_주간_크고빠른새.MP4,475,15.833,mdv5a,sahi,0,animal,0,0.2153,409.0,639.0,500.0,678.0,454.5,658.5,91.0,39.0,,
05080385_2_주간_크고빠른새.MP4,480,16.0,mdv5a,sahi,0,animal,0,0.2823,1548.0,707.0,1659.0,750.0,1603.5,728.5,111.0,43.0,,
05080385_2_주간_크고빠른새.MP4,480,16.0,mdv5a,sahi,1,animal,0,0.2326,410.0,639.0,508.0,677.0,459.0,658.0,98.0,38.0,,
05080385_2_주간_크고빠른새.MP4,480,16.0,mdv5a,sahi,2,animal,0,0.2282,540.0,364.0,668.0,423.0,604.0,393.5,128.0,59.0,,
05080385_2_주간_크고빠른새.MP4,485,16.167,mdv5a,sahi,0,animal,0,0.2149,409.0,639.0,508.0,678.0,458.5,658.5,99.0,39.0,,
05080385_2_주간_크고빠른새.MP4,490,16.333,mdv5a,sahi,0,animal,0,0.3587,1548.0,706.0,1658.0,751.0,1603.0,728.5,110.0,45.0,,
05080385_2_주간_크고빠른새.MP4,495,16.5,mdv5a,sahi,0,animal,0,0.3718,541.0,363.0,668.0,422.0,604.5,392.5,127.0,59.0,,
05080385_2_주간_크고빠른새.MP4,495,16.5,mdv5a,sahi,1,animal,0,0.3229,1547.0,707.0,1658.0,753.0,1602.5,730.0,111.0,46.0,,
05080385_2_주간_크고빠른새.MP4,500,16.667,mdv5a,sahi,0,animal,0,0.3336,514.0,535.0,1133.0,887.0,823.5,711.0,619.0,352.0,,
05080385_2_주간_크고빠른새.MP4,500,16.667,mdv5a,sahi,1,animal,0,0.2791,1548.0,707.0,1658.0,749.0,1603.0,728.0,110.0,42.0,,
05080385_2_주간_크고빠른새.MP4,500,16.667,mdv5a,sahi,2,animal,0,0.2771,542.0,363.0,669.0,421.0,605.5,392.0,127.0,58.0,,
05080385_2_주간_크고빠른새.MP4,505,16.833,mdv5a,sahi,0,animal,0,0.3852,1548.0,707.0,1658.0,749.0,1603.0,728.0,110.0,42.0,,
05080385_2_주간_크고빠른새.MP4,505,16.833,mdv5a,sahi,1,animal,0,0.2751,514.0,529.0,1135.0,891.0,824.5,710.0,621.0,362.0,,
05080385_2_주간_크고빠른새.MP4,510,17.0,mdv5a,sahi,0,animal,0,0.2821,1515.0,382.0,1764.0,558.0,1639.5,470.0,249.0,176.0,,
05080385_2_주간_크고빠른새.MP4,515,17.167,mdv5a,sahi,0,animal,0,0.3652,1548.0,707.0,1658.0,748.0,1603.0,727.5,110.0,41.0,,
05080385_2_주간_크고빠른새.MP4,515,17.167,mdv5a,sahi,1,animal,0,0.2703,656.0,546.0,791.0,638.0,723.5,592.0,135.0,92.0,,
05080385_2_주간_크고빠른새.MP4,520,17.333,mdv5a,sahi,0,animal,0,0.5157,1548.0,706.0,1657.0,748.0,1602.5,727.0,109.0,42.0,,
05080385_2_주간_크고빠른새.MP4,525,17.5,mdv5a,sahi,0,animal,0,0.4933,1549.0,707.0,1658.0,749.0,1603.5,728.0,109.0,42.0,,
05080385_2_주간_크고빠른새.MP4,525,17.5,mdv5a,sahi,1,animal,0,0.2483,513.0,543.0,1061.0,877.0,787.0,710.0,548.0,334.0,,
05080385_2_주간_크고빠른새.MP4,530,17.667,mdv5a,sahi,0,animal,0,0.2813,1549.0,707.0,1658.0,749.0,1603.5,728.0,109.0,42.0,,
05080385_2_주간_크고빠른새.MP4,535,17.833,mdv5a,sahi,0,animal,0,0.3572,1549.0,707.0,1658.0,749.0,1603.5,728.0,109.0,42.0,,
05080385_2_주간_크고빠른새.MP4,535,17.833,mdv5a,sahi,1,animal,0,0.2324,517.0,543.0,792.0,766.0,654.5,654.5,275.0,223.0,,
05080385_2_주간_크고빠른새.MP4,540,18.0,mdv5a,sahi,0,animal,0,0.3269,1549.0,708.0,1657.0,749.0,1603.0,728.5,108.0,41.0,,
05080385_2_주간_크고빠른새.MP4,540,18.0,mdv5a,sahi,1,animal,0,0.2049,513.0,540.0,1053.0,882.0,783.0,711.0,540.0,342.0,,
05080385_2_주간_크고빠른새.MP4,545,18.167,mdv5a,sahi,0,animal,0,0.459,1549.0,707.0,1657.0,750.0,1603.0,728.5,108.0,43.0,,
05080385_2_주간_크고빠른새.MP4,550,18.333,mdv5a,sahi,0,animal,0,0.5179,1549.0,707.0,1658.0,749.0,1603.5,728.0,109.0,42.0,,
05080385_2_주간_크고빠른새.MP4,550,18.333,mdv5a,sahi,1,animal,0,0.2339,513.0,536.0,1120.0,885.0,816.5,710.5,607.0,349.0,,
05080385_2_주간_크고빠른새.MP4,555,18.5,mdv5a,sahi,0,animal,0,0.2587,1549.0,706.0,1659.0,750.0,1604.0,728.0,110.0,44.0,,
05080385_2_주간_크고빠른새.MP4,555,18.5,mdv5a,sahi,1,animal,0,0.2285,514.0,544.0,1119.0,880.0,816.5,712.0,605.0,336.0,,
05080385_2_주간_크고빠른새.MP4,555,18.5,mdv5a,sahi,2,animal,0,0.2033,516.0,545.0,792.0,768.0,654.0,656.5,276.0,223.0,,
05080385_2_주간_크고빠른새.MP4,560,18.667,mdv5a,sahi,0,animal,0,0.4461,1549.0,707.0,1659.0,750.0,1604.0,728.5,110.0,43.0,,
05080385_2_주간_크고빠른새.MP4,560,18.667,mdv5a,sahi,1,animal,0,0.3117,656.0,546.0,790.0,637.0,723.0,591.5,134.0,91.0,,
05080385_2_주간_크고빠른새.MP4,560,18.667,mdv5a,sahi,2,animal,0,0.2411,516.0,545.0,791.0,769.0,653.5,657.0,275.0,224.0,,
05080385_2_주간_크고빠른새.MP4,560,18.667,mdv5a,sahi,3,animal,0,0.2202,514.0,547.0,1108.0,877.0,811.0,712.0,594.0,330.0,,
05080385_2_주간_크고빠른새.MP4,565,18.833,mdv5a,sahi,0,animal,0,0.2353,514.0,541.0,1052.0,887.0,783.0,714.0,538.0,346.0,,
05080385_2_주간_크고빠른새.MP4,570,19.0,mdv5a,sahi,0,animal,0,0.5138,1549.0,707.0,1658.0,750.0,1603.5,728.5,109.0,43.0,,
05080385_2_주간_크고빠른새.MP4,570,19.0,mdv5a,sahi,1,animal,0,0.4367,655.0,544.0,791.0,639.0,723.0,591.5,136.0,95.0,,
05080385_2_주간_크고빠른새.MP4,575,19.167,mdv5a,sahi,0,animal,0,0.3936,1549.0,707.0,1657.0,750.0,1603.0,728.5,108.0,43.0,,
05080385_2_주간_크고빠른새.MP4,575,19.167,mdv5a,sahi,1,animal,0,0.3355,655.0,545.0,791.0,638.0,723.0,591.5,136.0,93.0,,
05080385_2_주간_크고빠른새.MP4,580,19.333,mdv5a,sahi,0,animal,0,0.4231,1545.0,708.0,1656.0,752.0,1600.5,730.0,111.0,44.0,,
05080385_2_주간_크고빠른새.MP4,580,19.333,mdv5a,sahi,1,animal,0,0.3591,655.0,545.0,791.0,638.0,723.0,591.5,136.0,93.0,,
05080385_2_주간_크고빠른새.MP4,585,19.5,mdv5a,sahi,0,animal,0,0.3222,1549.0,707.0,1659.0,750.0,1604.0,728.5,110.0,43.0,,
05080385_2_주간_크고빠른새.MP4,590,19.667,mdv5a,sahi,0,animal,0,0.3112,1549.0,708.0,1658.0,750.0,1603.5,729.0,109.0,42.0,,
05080385_2_주간_크고빠른새.MP4,595,19.833,mdv5a,sahi,0,animal,0,0.3157,1549.0,708.0,1658.0,750.0,1603.5,729.0,109.0,42.0,,
05080385_2_주간_크고빠른새.MP4,600,20.0,mdv5a,sahi,0,animal,0,0.3775,824.0,379.0,895.0,440.0,859.5,409.5,71.0,61.0,,
05080385_2_주간_크고빠른새.MP4,600,20.0,mdv5a,sahi,1,animal,0,0.3214,1549.0,708.0,1658.0,755.0,1603.5,731.5,109.0,47.0,,
05080385_2_주간_크고빠른새.MP4,600,20.0,mdv5a,sahi,2,animal,0,0.2459,1130.0,681.0,1294.0,756.0,1212.0,718.5,164.0,75.0,,
05080385_2_주간_크고빠른새.MP4,605,20.167,mdv5a,sahi,0,animal,0,0.4341,1548.0,708.0,1657.0,754.0,1602.5,731.0,109.0,46.0,,
05080385_2_주간_크고빠른새.MP4,605,20.167,mdv5a,sahi,1,animal,0,0.43,1135.0,685.0,1295.0,753.0,1215.0,719.0,160.0,68.0,,
05080385_2_주간_크고빠른새.MP4,605,20.167,mdv5a,sahi,2,animal,0,0.4047,654.0,546.0,793.0,637.0,723.5,591.5,139.0,91.0,,
05080385_2_주간_크고빠른새.MP4,605,20.167,mdv5a,sahi,3,animal,0,0.2829,823.0,378.0,896.0,440.0,859.5,409.0,73.0,62.0,,
05080385_2_주간_크고빠른새.MP4,610,20.333,mdv5a,sahi,0,animal,0,0.3577,1546.0,708.0,1657.0,753.0,1601.5,730.5,111.0,45.0,,
05080385_2_주간_크고빠른새.MP4,610,20.333,mdv5a,sahi,1,animal,0,0.3489,1132.0,684.0,1295.0,754.0,1213.5,719.0,163.0,70.0,,
05080385_2_주간_크고빠른새.MP4,615,20.5,mdv5a,sahi,0,animal,0,0.5243,684.0,27.0,716.0,88.0,700.0,57.5,32.0,61.0,,
05080385_2_주간_크고빠른새.MP4,615,20.5,mdv5a,sahi,1,animal,0,0.2528,1549.0,708.0,1658.0,750.0,1603.5,729.0,109.0,42.0,,
05080385_2_주간_크고빠른새.MP4,620,20.667,mdv5a,sahi,0,animal,0,0.3996,1549.0,708.0,1658.0,749.0,1603.5,728.5,109.0,41.0,,
05080385_2_주간_크고빠른새.MP4,625,20.833,mdv5a,sahi,0,animal,0,0.4433,1549.0,708.0,1657.0,750.0,1603.0,729.0,108.0,42.0,,
05080385_2_주간_크고빠른새.MP4,630,21.0,mdv5a,sahi,0,animal,0,0.2889,542.0,364.0,695.0,420.0,618.5,392.0,153.0,56.0,,
05080385_2_주간_크고빠른새.MP4,635,21.167,mdv5a,sahi,0,animal,0,0.2861,1550.0,707.0,1657.0,752.0,1603.5,729.5,107.0,45.0,,
05080385_2_주간_크고빠른새.MP4,640,21.333,mdv5a,sahi,0,animal,0,0.2639,1550.0,707.0,1658.0,751.0,1604.0,729.0,108.0,44.0,,
05080385_2_주간_크고빠른새.MP4,645,21.5,mdv5a,sahi,0,animal,0,0.4102,1550.0,708.0,1659.0,751.0,1604.5,729.5,109.0,43.0,,
05080385_2_주간_크고빠른새.MP4,650,21.667,mdv5a,sahi,0,animal,0,0.432,1550.0,708.0,1659.0,751.0,1604.5,729.5,109.0,43.0,,
05080385_2_주간_크고빠른새.MP4,650,21.667,mdv5a,sahi,1,animal,0,0.202,1.0,579.0,640.0,840.0,320.5,709.5,639.0,261.0,,
05080385_2_주간_크고빠른새.MP4,655,21.833,mdv5a,sahi,0,animal,0,0.4131,1549.0,708.0,1658.0,750.0,1603.5,729.0,109.0,42.0,,
05080385_2_주간_크고빠른새.MP4,660,22.0,mdv5a,sahi,0,animal,0,0.2242,1550.0,707.0,1657.0,750.0,1603.5,728.5,107.0,43.0,,
05080385_2_주간_크고빠른새.MP4,665,22.167,mdv5a,sahi,0,animal,0,0.3806,1550.0,707.0,1656.0,750.0,1603.0,728.5,106.0,43.0,,
05080385_2_주간_크고빠른새.MP4,670,22.333,mdv5a,sahi,0,animal,0,0.467,1550.0,708.0,1657.0,750.0,1603.5,729.0,107.0,42.0,,
05080385_2_주간_크고빠른새.MP4,685,22.833,mdv5a,sahi,0,animal,0,0.2102,1550.0,707.0,1656.0,751.0,1603.0,729.0,106.0,44.0,,
05080385_2_주간_크고빠른새.MP4,690,23.0,mdv5a,sahi,0,animal,0,0.3925,1549.0,707.0,1658.0,751.0,1603.5,729.0,109.0,44.0,,
05080385_2_주간_크고빠른새.MP4,690,23.0,mdv5a,sahi,1,animal,0,0.2974,408.0,637.0,505.0,679.0,456.5,658.0,97.0,42.0,,
05080385_2_주간_크고빠른새.MP4,695,23.167,mdv5a,sahi,0,animal,0,0.4642,1549.0,707.0,1657.0,750.0,1603.0,728.5,108.0,43.0,,
05080385_2_주간_크고빠른새.MP4,695,23.167,mdv5a,sahi,1,animal,0,0.3259,514.0,538.0,1140.0,877.0,827.0,707.5,626.0,339.0,,
05080385_2_주간_크고빠른새.MP4,695,23.167,mdv5a,sahi,2,animal,0,0.2021,887.0,609.0,1127.0,733.0,1007.0,671.0,240.0,124.0,,
05080385_2_주간_크고빠른새.MP4,700,23.333,mdv5a,sahi,0,animal,0,0.3433,1550.0,707.0,1656.0,749.0,1603.0,728.0,106.0,42.0,,
05080385_2_주간_크고빠른새.MP4,700,23.333,mdv5a,sahi,1,animal,0,0.2848,513.0,539.0,1130.0,880.0,821.5,709.5,617.0,341.0,,
05080385_2_주간_크고빠른새.MP4,705,23.5,mdv5a,sahi,0,animal,0,0.4967,1550.0,708.0,1657.0,750.0,1603.5,729.0,107.0,42.0,,
05080385_2_주간_크고빠른새.MP4,710,23.667,mdv5a,sahi,0,animal,0,0.4179,1549.0,707.0,1658.0,752.0,1603.5,729.5,109.0,45.0,,
05080385_2_주간_크고빠른새.MP4,715,23.833,mdv5a,sahi,0,animal,0,0.342,1550.0,707.0,1657.0,752.0,1603.5,729.5,107.0,45.0,,
05080385_2_주간_크고빠른새.MP4,720,24.0,mdv5a,sahi,0,animal,0,0.4154,1550.0,708.0,1658.0,752.0,1604.0,730.0,108.0,44.0,,
05080385_2_주간_크고빠른새.MP4,725,24.167,mdv5a,sahi,0,animal,0,0.3237,1549.0,708.0,1656.0,754.0,1602.5,731.0,107.0,46.0,,
05080385_2_주간_크고빠른새.MP4,730,24.333,mdv5a,sahi,0,animal,0,0.2017,516.0,545.0,793.0,768.0,654.5,656.5,277.0,223.0,,
05080385_2_주간_크고빠른새.MP4,735,24.5,mdv5a,sahi,0,animal,0,0.2247,513.0,533.0,1137.0,886.0,825.0,709.5,624.0,353.0,,
05080385_2_주간_크고빠른새.MP4,740,24.667,mdv5a,sahi,0,animal,0,0.214,513.0,538.0,1127.0,874.0,820.0,706.0,614.0,336.0,,
05080385_2_주간_크고빠른새.MP4,745,24.833,mdv5a,sahi,0,animal,0,0.2112,1547.0,708.0,1658.0,754.0,1602.5,731.0,111.0,46.0,,
05080385_2_주간_크고빠른새.MP4,750,25.0,mdv5a,sahi,0,animal,0,0.2962,513.0,541.0,1116.0,881.0,814.5,711.0,603.0,340.0,,
05080385_2_주간_크고빠른새.MP4,755,25.167,mdv5a,sahi,0,animal,0,0.2213,513.0,542.0,1116.0,868.0,814.5,705.0,603.0,326.0,,
05080385_2_주간_크고빠른새.MP4,760,25.333,mdv5a,sahi,0,animal,0,0.3216,1550.0,708.0,1658.0,750.0,1604.0,729.0,108.0,42.0,,
05080385_2_주간_크고빠른새.MP4,765,25.5,mdv5a,sahi,0,animal,0,0.3629,1551.0,709.0,1658.0,750.0,1604.5,729.5,107.0,41.0,,
05080385_2_주간_크고빠른새.MP4,765,25.5,mdv5a,sahi,1,animal,0,0.2587,823.0,376.0,897.0,436.0,860.0,406.0,74.0,60.0,,
05080385_2_주간_크고빠른새.MP4,770,25.667,mdv5a,sahi,0,animal,0,0.2361,1550.0,709.0,1658.0,750.0,1604.0,729.5,108.0,41.0,,
05080385_2_주간_크고빠른새.MP4,775,25.833,mdv5a,sahi,0,animal,0,0.2165,1551.0,709.0,1658.0,750.0,1604.5,729.5,107.0,41.0,,
05080385_2_주간_크고빠른새.MP4,780,26.0,mdv5a,sahi,0,animal,0,0.4171,0.0,601.0,640.0,837.0,320.0,719.0,640.0,236.0,,
05080385_2_주간_크고빠른새.MP4,780,26.0,mdv5a,sahi,1,animal,0,0.3537,1551.0,708.0,1658.0,750.0,1604.5,729.0,107.0,42.0,,
05080385_2_주간_크고빠른새.MP4,785,26.167,mdv5a,sahi,0,animal,0,0.4801,1551.0,708.0,1657.0,751.0,1604.0,729.5,106.0,43.0,,
05080385_2_주간_크고빠른새.MP4,785,26.167,mdv5a,sahi,1,animal,0,0.2205,1171.0,597.0,1312.0,676.0,1241.5,636.5,141.0,79.0,,
05080385_2_주간_크고빠른새.MP4,790,26.333,mdv5a,sahi,0,animal,0,0.358,1550.0,708.0,1657.0,750.0,1603.5,729.0,107.0,42.0,,
05080385_2_주간_크고빠른새.MP4,790,26.333,mdv5a,sahi,1,animal,0,0.2617,514.0,547.0,1132.0,869.0,823.0,708.0,618.0,322.0,,
05080385_2_주간_크고빠른새.MP4,800,26.667,mdv5a,sahi,0,animal,0,0.2709,657.0,547.0,798.0,632.0,727.5,589.5,141.0,85.0,,
05080385_2_주간_크고빠른새.MP4,805,26.833,mdv5a,sahi,0,animal,0,0.2803,653.0,550.0,799.0,634.0,726.0,592.0,146.0,84.0,,
05080385_2_주간_크고빠른새.MP4,810,27.0,mdv5a,sahi,0,animal,0,0.351,514.0,538.0,1138.0,875.0,826.0,706.5,624.0,337.0,,
05080385_2_주간_크고빠른새.MP4,815,27.167,mdv5a,sahi,0,animal,0,0.3823,514.0,541.0,1133.0,872.0,823.5,706.5,619.0,331.0,,
05080385_2_주간_크고빠른새.MP4,820,27.333,mdv5a,sahi,0,animal,0,0.3195,514.0,542.0,1130.0,875.0,822.0,708.5,616.0,333.0,,
05080385_2_주간_크고빠른새.MP4,820,27.333,mdv5a,sahi,1,animal,0,0.2299,1519.0,418.0,1664.0,559.0,1591.5,488.5,145.0,141.0,,
05080385_2_주간_크고빠른새.MP4,835,27.833,mdv5a,sahi,0,animal,0,0.2047,1.0,582.0,640.0,844.0,320.5,713.0,639.0,262.0,,
05080385_2_주간_크고빠른새.MP4,855,28.5,mdv5a,sahi,0,animal,0,0.2096,1551.0,708.0,1659.0,751.0,1605.0,729.5,108.0,43.0,,
05080385_2_주간_크고빠른새.MP4,860,28.667,mdv5a,sahi,0,animal,0,0.4852,1551.0,708.0,1659.0,749.0,1605.0,728.5,108.0,41.0,,
05080385_2_주간_크고빠른새.MP4,865,28.833,mdv5a,sahi,0,animal,0,0.337,1550.0,708.0,1659.0,749.0,1604.5,728.5,109.0,41.0,,
05080385_2_주간_크고빠른새.MP4,875,29.167,mdv5a,sahi,0,animal,0,0.3535,1550.0,707.0,1659.0,752.0,1604.5,729.5,109.0,45.0,,
05080385_2_주간_크고빠른새.MP4,880,29.333,mdv5a,sahi,0,animal,0,0.3241,1550.0,708.0,1659.0,754.0,1604.5,731.0,109.0,46.0,,
05080385_2_주간_크고빠른새.MP4,885,29.5,mdv5a,sahi,0,animal,0,0.23,513.0,544.0,1122.0,867.0,817.5,705.5,609.0,323.0,,
05080385_2_주간_크고빠른새.MP4,890,29.667,mdv5a,sahi,0,animal,0,0.2319,513.0,559.0,1049.0,866.0,781.0,712.5,536.0,307.0,,
05080385_2_주간_크고빠른새.MP4,895,29.833,mdv5a,sahi,0,animal,0,0.2196,513.0,584.0,1044.0,891.0,778.5,737.5,531.0,307.0,,
05080385_2_주간_크고빠른새.MP4,905,30.167,mdv5a,sahi,0,animal,0,0.3725,514.0,543.0,1130.0,876.0,822.0,709.5,616.0,333.0,,
05080385_2_주간_크고빠른새.MP4,905,30.167,mdv5a,sahi,1,animal,0,0.2001,1550.0,704.0,1656.0,751.0,1603.0,727.5,106.0,47.0,,
05080385_2_주간_크고빠른새.MP4,910,30.333,mdv5a,sahi,0,animal,0,0.2966,1551.0,706.0,1657.0,750.0,1604.0,728.0,106.0,44.0,,
05080385_2_주간_크고빠른새.MP4,910,30.333,mdv5a,sahi,1,animal,0,0.2424,514.0,540.0,1133.0,873.0,823.5,706.5,619.0,333.0,,
